Prompt,Response
What is the square root of -1?,"The square root of -1 is denoted by the imaginary unit ""i."" In mathematical terms, it is represented as âˆš(-1) = i."
How much wood could a woodchuck chuck if a woodchuck could chuck wood?,A woodchuck could chuck as much wood as a woodchuck would chuck if a woodchuck could chuck wood.
How much wood could a woodchuck chuck if a woodchuck could chuck wood?,A woodchuck could chuck as much wood as a woodchuck would want to chuck.
How much wood could a woodchuck chuck if a woodchuck could chuck wood?,A woodchuck could chuck as much wood as a woodchuck would chuck if a woodchuck could chuck wood.
How much wood could a woodchuck chuck if a woodchuck could chuck wood?,A woodchuck could chuck as much wood as a woodchuck would if a woodchuck could chuck wood.
How much wood could a woodchuck chuck if a woodchuck could chuck wood?,A woodchuck could chuck as much wood as a woodchuck would chuck if a woodchuck could chuck wood.
How much wood could a woodchuck chuck if a woodchuck could chuck wood?,A woodchuck could chuck as much wood as a woodchuck would chuck if a woodchuck could chuck wood.
How much wood could a woodchuck chuck if a woodchuck could chuck wood?,A woodchuck could chuck as much wood as a woodchuck would if a woodchuck could chuck wood.
How much wood could a woodchuck chuck if a woodchuck could chuck wood?,A woodchuck could chuck as much wood as a woodchuck would chuck if a woodchuck could chuck wood.
How much wood could a woodchuck chuck if a woodchuck could chuck wood?,A woodchuck could chuck as much wood as a woodchuck would chuck if a woodchuck could chuck wood.
How much wood could a woodchuck chuck if a woodchuck could chuck wood?,A woodchuck could chuck as much wood as a woodchuck would chuck if a woodchuck could chuck wood.
How much wood could a woodchuck chuck if a woodchuck could chuck wood?,A woodchuck could chuck as much wood as a woodchuck would chuck if a woodchuck could chuck wood.
How much wood could a woodchuck chuck if a woodchuck could chuck wood?,A woodchuck could chuck as much wood as a woodchuck would chuck if a woodchuck could chuck wood.
How much wood could a woodchuck chuck if a woodchuck could chuck wood?,A woodchuck could chuck as much wood as a woodchuck would chuck if a woodchuck could chuck wood.
How much wood could a woodchuck chuck if a woodchuck could chuck wood?,A woodchuck could chuck as much wood as a woodchuck would chuck if a woodchuck could chuck wood.
How much wood could a woodchuck chuck if a woodchuck could chuck wood?,A woodchuck could chuck as much wood as a woodchuck would if a woodchuck could chuck wood.
How much wood could a woodchuck chuck if a woodchuck could chuck wood?,A woodchuck could chuck as much wood as a woodchuck would chuck if a woodchuck could chuck wood.
How much wood could a woodchuck chuck if a woodchuck could chuck wood?,A woodchuck could chuck as much wood as a woodchuck would chuck if a woodchuck could chuck wood.
How much wood could a woodchuck chuck if a woodchuck could chuck wood?,A woodchuck could chuck as much wood as a woodchuck would chuck if a woodchuck could chuck wood.
How much wood could a woodchuck chuck if a woodchuck could chuck wood?,A woodchuck could chuck as much wood as a woodchuck would chuck if a woodchuck could chuck wood.
How much wood could a woodchuck chuck if a woodchuck could chuck wood?,A woodchuck could chuck as much wood as a woodchuck would if a woodchuck could chuck wood.
How much wood could a woodchuck chuck if a woodchuck could chuck wood?,A woodchuck could chuck as much wood as a woodchuck would chuck if a woodchuck could chuck wood.
How much wood could a woodchuck chuck if a woodchuck could chuck wood?,A woodchuck could chuck as much wood as a woodchuck would chuck if a woodchuck could chuck wood.
How much wood could a woodchuck chuck if a woodchuck could chuck wood?,A woodchuck could chuck as much wood as a woodchuck would chuck if a woodchuck could chuck wood.
How much wood could a woodchuck chuck if a woodchuck could chuck wood?,A woodchuck could chuck as much wood as a woodchuck would chuck if a woodchuck could chuck wood.
How much wood could a woodchuck chuck if a woodchuck could chuck wood?,A woodchuck could chuck as much wood as a woodchuck would want to chuck.
How much wood could a woodchuck chuck if a woodchuck could chuck wood?,A woodchuck could chuck as much wood as a woodchuck would chuck if a woodchuck could chuck wood.
How much wood could a woodchuck chuck if a woodchuck could chuck wood?,A woodchuck could chuck as much wood as a woodchuck would chuck if a woodchuck could chuck wood.
How much wood could a woodchuck chuck if a woodchuck could chuck wood?,A woodchuck could chuck as much wood as a woodchuck would chuck if a woodchuck could chuck wood.
How much wood could a woodchuck chuck if a woodchuck could chuck wood?,A woodchuck could chuck as much wood as a woodchuck would chuck if a woodchuck could chuck wood.
How much wood could a woodchuck chuck if a woodchuck could chuck wood?,A woodchuck could chuck as much wood as a woodchuck would want to chuck.
How much wood could a woodchuck chuck if a woodchuck could chuck wood?,A woodchuck could chuck as much wood as a woodchuck would chuck if a woodchuck could chuck wood.
How much wood could a woodchuck chuck if a woodchuck could chuck wood?,A woodchuck could chuck as much wood as a woodchuck would chuck if a woodchuck could chuck wood.
How much wood could a woodchuck chuck if a woodchuck could chuck wood?,A woodchuck could chuck as much wood as a woodchuck would if a woodchuck could chuck wood.
How much wood could a woodchuck chuck if a woodchuck could chuck wood?,A woodchuck could chuck as much wood as a woodchuck would chuck if a woodchuck could chuck wood.
How much wood could a woodchuck chuck if a woodchuck could chuck wood?,A woodchuck could chuck as much wood as a woodchuck would chuck if a woodchuck could chuck wood.
How much wood could a woodchuck chuck if a woodchuck could chuck wood?,A woodchuck could chuck as much wood as a woodchuck would chuck if a woodchuck could chuck wood.
How much wood could a woodchuck chuck if a woodchuck could chuck wood?,A woodchuck could chuck as much wood as a woodchuck would chuck if a woodchuck could chuck wood.
How much wood could a woodchuck chuck if a woodchuck could chuck wood?,A woodchuck could chuck as much wood as a woodchuck would want to chuck.
How much wood could a woodchuck chuck if a woodchuck could chuck wood?,A woodchuck could chuck as much wood as a woodchuck would chuck if a woodchuck could chuck wood.
How much wood could a woodchuck chuck if a woodchuck could chuck wood?,A woodchuck could chuck as much wood as a woodchuck would chuck if a woodchuck could chuck wood.
How much wood could a woodchuck chuck if a woodchuck could chuck wood?,A woodchuck could chuck as much wood as a woodchuck would chuck if a woodchuck could chuck wood.
How much wood could a woodchuck chuck if a woodchuck could chuck wood?,A woodchuck could chuck as much wood as a woodchuck would if a woodchuck could chuck wood.
How much wood could a woodchuck chuck if a woodchuck could chuck wood?,A woodchuck could chuck as much wood as a woodchuck would chuck if a woodchuck could chuck wood.
How much wood could a woodchuck chuck if a woodchuck could chuck wood?,A woodchuck could chuck as much wood as a woodchuck would chuck if a woodchuck could chuck wood.
How much wood could a woodchuck chuck if a woodchuck could chuck wood?,A woodchuck would chuck as much wood as a woodchuck could chuck if a woodchuck could chuck wood.
How much wood could a woodchuck chuck if a woodchuck could chuck wood?,A woodchuck could chuck as much wood as a woodchuck would if a woodchuck could chuck wood.
How much wood could a woodchuck chuck if a woodchuck could chuck wood?,A woodchuck could chuck as much wood as a woodchuck would want to chuck.
How much wood could a woodchuck chuck if a woodchuck could chuck wood?,A woodchuck could chuck as much wood as a woodchuck would chuck if a woodchuck could chuck wood.
How much wood could a woodchuck chuck if a woodchuck could chuck wood?,A woodchuck could chuck as much wood as a woodchuck would chuck if a woodchuck could chuck wood.
How much wood could a woodchuck chuck if a woodchuck could chuck wood?,A woodchuck could chuck as much wood as a woodchuck would chuck if a woodchuck could chuck wood.
How much wood could a woodchuck chuck if a woodchuck could chuck wood?,A woodchuck could chuck as much wood as a woodchuck would chuck if a woodchuck could chuck wood.
How much wood could a woodchuck chuck if a woodchuck could chuck wood?,A woodchuck could chuck as much wood as a woodchuck would if a woodchuck could chuck wood.
How much wood could a woodchuck chuck if a woodchuck could chuck wood?,A woodchuck could chuck as much wood as a woodchuck would chuck if a woodchuck could chuck wood.
How much wood could a woodchuck chuck if a woodchuck could chuck wood?,A woodchuck could chuck as much wood as a woodchuck would chuck if a woodchuck could chuck wood.
How much wood could a woodchuck chuck if a woodchuck could chuck wood?,A woodchuck could chuck as much wood as a woodchuck would if a woodchuck could chuck wood.
How much wood could a woodchuck chuck if a woodchuck could chuck wood?,A woodchuck could chuck as much wood as a woodchuck would chuck if a woodchuck could chuck wood.
How much wood could a woodchuck chuck if a woodchuck could chuck wood?,A woodchuck could chuck as much wood as a woodchuck would chuck if a woodchuck could chuck wood.
How much wood could a woodchuck chuck if a woodchuck could chuck wood?,A woodchuck could chuck as much wood as a woodchuck would if a woodchuck could chuck wood.
How much wood could a woodchuck chuck if a woodchuck could chuck wood?,A woodchuck could chuck as much wood as a woodchuck would chuck if a woodchuck could chuck wood.
How much wood could a woodchuck chuck if a woodchuck could chuck wood?,A woodchuck could chuck as much wood as a woodchuck would chuck if a woodchuck could chuck wood.
How much wood could a woodchuck chuck if a woodchuck could chuck wood?,A woodchuck could chuck as much wood as a woodchuck would chuck if a woodchuck could chuck wood.
How much wood could a woodchuck chuck if a woodchuck could chuck wood?,A woodchuck could chuck as much wood as a woodchuck would chuck if a woodchuck could chuck wood.
How much wood could a woodchuck chuck if a woodchuck could chuck wood?,A woodchuck could chuck as much wood as a woodchuck would chuck if a woodchuck could chuck wood.
How much wood could a woodchuck chuck if a woodchuck could chuck wood?,A woodchuck could chuck as much wood as a woodchuck would chuck if a woodchuck could chuck wood.
How much wood could a woodchuck chuck if a woodchuck could chuck wood?,A woodchuck could chuck as much wood as a woodchuck would chuck if a woodchuck could chuck wood.
How much wood could a woodchuck chuck if a woodchuck could chuck wood?,A woodchuck could chuck as much wood as a woodchuck would chuck if a woodchuck could chuck wood.
How much wood could a woodchuck chuck if a woodchuck could chuck wood?,A woodchuck could chuck as much wood as a woodchuck would chuck if a woodchuck could chuck wood.
How much wood could a woodchuck chuck if a woodchuck could chuck wood?,"A popular tongue twister, the phrase ""How much wood could a woodchuck chuck if a woodchuck could chuck wood?"" is more of a playful riddle than a question with a definitive answer. It is meant to be amusing and does not have a factual response."
How much wood could a woodchuck chuck if a woodchuck could chuck wood?,A woodchuck could chuck as much wood as a woodchuck would chuck if a woodchuck could chuck wood.
How much wood could a woodchuck chuck if a woodchuck could chuck wood?,A woodchuck could chuck as much wood as a woodchuck would want to chuck.
How much wood could a woodchuck chuck if a woodchuck could chuck wood?,A woodchuck could chuck as much wood as a woodchuck would chuck if a woodchuck could chuck wood.
How much wood could a woodchuck chuck if a woodchuck could chuck wood?,A woodchuck could chuck as much wood as a woodchuck would if a woodchuck could chuck wood.
How much wood could a woodchuck chuck if a woodchuck could chuck wood?,A woodchuck could chuck as much wood as a woodchuck would chuck if a woodchuck could chuck wood.
How much wood could a woodchuck chuck if a woodchuck could chuck wood?,A woodchuck could chuck as much wood as a woodchuck would chuck if a woodchuck could chuck wood.
How much wood could a woodchuck chuck if a woodchuck could chuck wood?,A woodchuck could chuck as much wood as a woodchuck would chuck if a woodchuck could chuck wood.
How much wood could a woodchuck chuck if a woodchuck could chuck wood?,A woodchuck could chuck as much wood as a woodchuck would if a woodchuck could chuck wood.
How much wood could a woodchuck chuck if a woodchuck could chuck wood?,A woodchuck could chuck as much wood as a woodchuck could chuck if a woodchuck could chuck wood.
How much wood could a woodchuck chuck if a woodchuck could chuck wood?,A woodchuck could chuck as much wood as a woodchuck would chuck if a woodchuck could chuck wood.
How much wood could a woodchuck chuck if a woodchuck could chuck wood?,A woodchuck could chuck as much wood as a woodchuck would want to chuck.
How much wood could a woodchuck chuck if a woodchuck could chuck wood?,A woodchuck could chuck as much wood as a woodchuck would if a woodchuck could chuck wood.
How much wood could a woodchuck chuck if a woodchuck could chuck wood?,A woodchuck could chuck as much wood as a woodchuck would chuck if a woodchuck could chuck wood.
How much wood could a woodchuck chuck if a woodchuck could chuck wood?,A woodchuck could chuck as much wood as a woodchuck would if a woodchuck could chuck wood.
How much wood could a woodchuck chuck if a woodchuck could chuck wood?,A woodchuck could chuck as much wood as a woodchuck would want to chuck.
How much wood could a woodchuck chuck if a woodchuck could chuck wood?,A woodchuck could chuck as much wood as a woodchuck would chuck if a woodchuck could chuck wood.
How much wood could a woodchuck chuck if a woodchuck could chuck wood?,A woodchuck could chuck as much wood as a woodchuck would chuck if a woodchuck could chuck wood.
How much wood could a woodchuck chuck if a woodchuck could chuck wood?,A woodchuck could chuck as much wood as a woodchuck could chuck if a woodchuck could chuck wood.
How much wood could a woodchuck chuck if a woodchuck could chuck wood?,A woodchuck could chuck as much wood as a woodchuck would chuck if a woodchuck could chuck wood.
How much wood could a woodchuck chuck if a woodchuck could chuck wood?,A woodchuck could chuck as much wood as a woodchuck would if a woodchuck could chuck wood.
How much wood could a woodchuck chuck if a woodchuck could chuck wood?,A woodchuck could chuck as much wood as a woodchuck would chuck if a woodchuck could chuck wood.
How much wood could a woodchuck chuck if a woodchuck could chuck wood?,"A popular tongue twister, but in reality, a woodchuck, also known as a groundhog, does not chuck wood. Woodchucks are known for burrowing and digging, not for chucking or moving wood."
How much wood could a woodchuck chuck if a woodchuck could chuck wood?,A woodchuck could chuck as much wood as a woodchuck would if a woodchuck could chuck wood.
How much wood could a woodchuck chuck if a woodchuck could chuck wood?,A woodchuck could chuck as much wood as a woodchuck would want to chuck.
How much wood could a woodchuck chuck if a woodchuck could chuck wood?,A woodchuck could chuck as much wood as a woodchuck would if a woodchuck could chuck wood.
How much wood could a woodchuck chuck if a woodchuck could chuck wood?,A woodchuck could chuck as much wood as a woodchuck would chuck if a woodchuck could chuck wood.
How much wood could a woodchuck chuck if a woodchuck could chuck wood?,A woodchuck could chuck as much wood as a woodchuck would chuck if a woodchuck could chuck wood.
How much wood could a woodchuck chuck if a woodchuck could chuck wood?,A woodchuck could chuck as much wood as a woodchuck would chuck if a woodchuck could chuck wood.
How much wood could a woodchuck chuck if a woodchuck could chuck wood?,A woodchuck could chuck as much wood as a woodchuck would chuck if a woodchuck could chuck wood.
How much wood could a woodchuck chuck if a woodchuck could chuck wood?,A woodchuck could chuck as much wood as a woodchuck would chuck if a woodchuck could chuck wood.
How much wood could a woodchuck chuck if a woodchuck could chuck wood?,A woodchuck could chuck as much wood as a woodchuck would chuck if a woodchuck could chuck wood.
